{"count":1,"gauges":{},"self":6.8013471999999995,"total":7.7194831,"children":{"AgentResetIfDone":{"count":338,"self":0.0059705999999999995,"total":0.0059705999999999995,"children":null},"AgentSendState":{"count":338,"self":0.027051799999999997,"total":0.0371063,"children":{"CollectObservations":{"count":680,"self":0.0100545,"total":0.0100545,"children":null}}},"DecideAction":{"count":338,"self":0.7685725,"total":0.84207219999999994,"children":{"RayPerceptionSensor.Perceive":{"count":680,"self":0.0734997,"total":0.0734997,"children":null}}},"AcademyStep":{"count":338,"self":0,"total":0,"children":null},"AgentAct":{"count":338,"self":0.030981599999999998,"total":0.030981599999999998,"children":null}}}